title	ppns
	831594039
!Brabander!	48768596
'De Fluistervink'	269284508
'Flitsen'	269283862
's Gravenhaagsche courant	832916161
's Gravenhaegse courant	832924342;424119846
's Hertogenbossche courant	832924733
's Hertogenbossche vaderlandsche courant	850701007
't Kan verkeeren : geschrift voor allen, die in vrede en vrĳheid wenschen te leven	269711449
't Kristalletje : dagbladje ; redactie H & H ; het laatste nieuws het eerst	269718982
't Libertĳntje	270090916
't Sal waerachtig wel gaen : nieuwsblad uit de Gelderse vallei	319007650
't Spuigat	850938252
't Stekeltje	271568984
A.G.D.	268596484
AD	284883700
AD : Algemeen dagblad	284883700
Aambeeld : het katholiek weekorgaan	84346500X
Accu : B(etrouwbare) B(erichten) C(entrale)	851959695
Accu-vonken : uitgave van De accu artikelen van algemeen belang	851965725
Achtergrond : over principieele problemen	54623111
Actualiteiten	268462542
Ad interim : tĳdschrift voor letterkunde	840120907
Advertentieblad van het departement van de Wester- Eems	852882114
Advertentieblad, bekendmakingen en onderscheidene berigten van Groningen	852886098
Aether nieuws	268463425
Aetherflitsen	851995985
Aethernieuws	46286330
"Affiches, annonces et avis divers d'Amsterdam = Advertentiën, aankondigingen 
en verschillende berigten van Amsterdam"	850457890
"Affiches, annonces et avis divers de Leyde = Advertentiën, aankondigingen en 
berigten van Leyden"	843773197
"Affiches, annonces et avis divers de Rotterdam = Advertentien, aankondigingen 
en berigten van Rotterdam"	38191954
Afgeluisterd	268596352
"Agrarisch nieuwsblad : (waarin opgenomen het orgaan Landbouw en 
maatschappĳ)"	832774014
Akten betreffende cooperatieve vereenigingen	841135312
"Algemeen & industrieel volksblad voor Nederland : ter bevordering der 
nijverheidsbelangen"	85033403;850334039
Algemeen Handelsblad	832337900
Algemeen Indisch dagblad : de Preangerbode	843355972
Algemeen Nederlandsch landbouwblad	844260614
Algemeen Nederlandsch nieuws- en advertentie-blad	831579951
Algemeen dagblad	832308382
Algemeen dagblad van Nederland	820005061
Algemeen handelsblad voor Nederlandsch-Indië	44434987;44434987
"Algemeen industrieel volksblad voor Nederland : ter bevordering der 
nijverheidsbelangen"	850334039
Algemeen protestantsch dagblad	38181606
Algemeen volksblad voor Nederland	831579404
"Algemeene landhuishoudelijke courant
Algemeene nijverheids courant : weekblad voor landbouw, koophandel, 
zeevaart, fabrijkwezen, kunsten, volkshuishoudkunde, statistiek enz."	820005231
Algemene documentatie	319013960
Alkmaarsche courant	852201966
Alles sal reg kom	860474135
Alles sal reg kom!	268596875;268597243
Amigoe	863860281
Amigoe di Curacao : weekblad voor de Curacaosche eilanden	840847114
Amsterdam's geuzenblad	268597979
Amsterdamsch effectenblad	831594616
Amsterdamsche courant	850458803
Amsterdamse courant	832797472;424119803
Anoniem	268598266
Antenna	268598843
"Anti-leugenpillen : al is de leugen nog zo snel, de waarheid achterhaalt haar wel 
... "	268599092
Anti-sensatie	319013197
Apeldoornsche courant	268599327;268599327
Appèl : ik sla de trom en dreun de droomers wakker (J. Greshoff)	268599513
Arbeiders-eenheid : orgaan voor de kernen in de bedrĳven	268599726
Arnhemsche courant	82000541X;82000541X
Arnhemsche courante	864957750
Avec privilège de nos-seigneurs les Etats de Hollande et de West-Frise	37182145
Avondeditie	319013227
Avondpost : orgaan van de V.G.	268600082
B.B.C.	268797013
B.B.C.-bulletin	268797099
B.B.C.-nieuws	26879717X;268797269
B.B.C.-nieuws / uitgave van het bĳkantoor der British Broadcasting Corporation	266269532
B.C. nieuws	268797943
Bataafsche Leeuwarder courant	864624883
Bataafsche staats-courant	832797901
Bataviaasch advertentie-blad	14669662X
Bataviaasch handelsblad	44594976
Bataviaasch nieuwsblad	44595018
Bataviasche courant	843144181
Bataviasche koloniale courant	843144467
Bataviase nouvelles	44595034
Beknopt nieuwsoverzicht	26895593X
Belgisch dagblad	843183306
Bericht nr. ...	268956987
Berichte des Soldatensenders West	268957940
Berichten uit Denemarken : Aldrig mere krig	268958424
Berichten van 5 october 1944	268960208
Berichten van de GPD (Geallieerde Persdienst)	26895996X
Berichten voorziening oorlogstĳd	268961948;268962022
Berichtenblad	31901388X
Berichtenblad De Laatste Ronde	319013189
Berichtenblad Je maintiendrai	268960402
Berichtenblad voor de vakbeweging	268960623
Berichtendienst 1940	268961832
Berichtendienst B.B.C.	268960887
Berichtendienst De Postduif	268961905
Berichtendienst van de B.B.C.	268961794
Beta-nieuws	268962243
Beter te voorkomen, dan te genezen : raadgeving no. ...	319013111
"Beverwĳksche courant Kennemerland : dagblad voor de streek Kennemerland 
(Haarlem-Alkmaar)"	37305247
Bijblad van de landbouw-courant	831622784
Binnenlandsche Bataafsche courant	832368784
Bliksemflits	268962421
Bossche vaderlandsche courant	85228568X
Brabantsche studentenbrieven	269050361
Branding : orgaan voor Jong-Nederland	47422262
Bredasche courant	852175035;852175035;852175035
Brief uit de woestĳn	269050892
Brieven aan een jeugdvriend	269051570
Brieven aan sociaal-democraten	269051961
"Brieven ter bevordering van de internationale klasse- eenheid / uitgave van het 
Marx-Lenin-Luxemburg- Front"	269052690
Brieven van strĳd	269053158
British-news	269053379
Buitenlandsch overzicht van Het Parool	269053948;269054391
Bulletin	269055517;269055584;269055754;269055800;269056025
Bulletin no. 1	269057323
Bulletin van de Raad van Verzet in het Koninkrĳk der Nederlanden	269057668
CAJ Geesink's algemeen volksblad voor Nederland	850333903
Centraal blad voor Israelieten in Nederland	830606874
Cereales vadenses	269060421
Christelijk dagblad voor Nederland De Amsterdammer	227519094
Christelijk sociaal dagblad voor Nederland De Amsterdammer	424119994
Christofoor : berichtenblad	269071881
Christofoor : voor God en Vaderland	269072470;269072691
"Christofoor : voor God en Vaderland ; uitgave voor Amsterdam, Haarlem en 
omgeving"	269072349
Christofoor : voor God en vaderland	863297900
Circulaire van het Comité 'In Verdrukking Één'	269060693
Cocktail	269060995
Communiqué	269061320;269061371
Communiqué van de dag	269061401
Constitutioneele oprechte Bataafsche courant / door M. Bos	832369071
Contact	269068163;269068465
Courage	26907001X
Courante uyt Italien, Duytslandt, &c.	830620397
Courrier d'Amsterdam = Courier van Amsterdam	832856711
D'Egel	269249664
D.B.D.	26912893X
D.N.B.	269241388
Dagblad der provincie Braband	832865338
Dagblad nieuwe Hoornsche courant	44389485
Dagblad van 's Gravenhage	832857130
Dagblad van Noord-Brabant	850461235;424119900
Dagblad van Rotterdam	37054112
Dagblad van Zuid-Holland en 's-Gravenhage	844276553
Dagblad van Zuidholland en 's Gravenhage	832866024;832866024
Dagblad van het Oosten : Almelo's dagblad	832386332
Dagblad van het Zuiden voor Eindhoven, Meierĳ, Peel en Kempenland	832386383
Dagblad van het departement der monden van den Rhyn	853481180
Dagblad voor Leiden en omstreken	843182482
Dagblad voor Noord-Holland	832865133;852180691
"Dagblad voor Noord-Holland waarin opgenomen De Zaanlander en de 
Beverwĳksche courant Kennemerland"	37307290
Dagblad voor West-Friesland	832865966
Dagblad voor de veenkolonieën en omliggende streken	832865877
Dagelĳks nieuwsbulletin de Notedop	269126783
Dagelĳks verschĳnend berichtenblad	269126929
Dagelĳksch bulletin van het zondagavondblad	842804455
Dagelĳksche beurscourant : de Nederlandsche financier	831666854
Daily world news	269128816
"Das Freie Wort : nur der darf von Freiheit sprechen, der den Mut hat gegen ihre 
Feinde zu kämpfen"	269284877
De 's-Gravenhaagsche nieuwsbode	38215896
De Aabode	850945224
De Aanval	319013294
De Amersfoortsche courant : dagblad voor Amersfoort en omstreken	832338265
De Amsterdammer	268597766
De Amsterdammer : christelijk volksdagblad	83233832X
De Amsterdammer : dagblad voor Nederland	832338389;852090811;852091370
De Bepiegde heeuw	268956693
De Berichtgever	268962200
De Bevrĳding	268963258;268963460
"De Bevrĳding : dagblad ter verspreiding van het nieuws onder auspiciën der 
V.I.V."	268964181
De Bevrĳding : geautoriseerde uitgave	26896386X
De Bierkaai : Fides et Amicitia	268962316
De Blaozepiepe	268962405
De Brabanter : edele Brabant were di	48770183
De Brandarisbrief	268964912
De Curaçaosche courant	83063827X
De Dageraad : geallieerd ochtendblad	269128190
De Dageraad : geallieerd ochtendblad : non si male nunc, et olim sic erit	269128263;269128328
De Daverende dingen dezer dagen	319013332
De Domme Hollander	269241434
De Dordtsche koerier	46093095
De Duikbode : vrĳe wereld nieuws	269244573
De Duikelaar : weekblad voor onderduikers	269244980
De Duikhoek : blad voor de Noord-Oostpolder	269126511
De Duinstreek	269126562
De Eendracht : in samenwerking met Christofoor	319008770
De Engelse zender : nevenuitgave van de Kroniek van de week	269251375
De Expres	44691467;147644011
De Frontloupe	269298592
De Gazette	269425411
De Geus	269427678
De Geus van 1940	269427775
"De Geuzenpost : nieuwsblad voor Haarlem en omstreken ; onder auspiciën der 
V.I.V."	269428119
De Gids	269428224
De Gids : orgaan der metaalindustrie	269428275
De Glimworm	26942850X
De Goede Goy : daagelĳkse thĳdinghe met berigten van alle krĳgsbedrĳfhen	269475419
De Goede bron : nieuwsblad voor Amstelland en de Vechtstreek	269475311
De Gooi- en Eemlander : nieuws- en advertentieblad	832401439
"De Gooise koerier : dagelĳks nieuwsorgaan van het Oranje-Bulletin voor 
Hilversum en omgeving"	269476261
"De Graafschap-bode : nieuws- en advertentieblad voor stad- en ambt-
Doetinchem, Hummelo en Keppel, Wehl, Zeddam, 's Heerenberg, Ulft, 
Gendringen, Sillevolde, Terborg, Varsseveld, Dinxperlo, Aalten, Breedevoorde, 
Lichtenvoorde, Groenlo, Neede, Eibergen, Bor"	832915580
De Grafische arbeider	269476954
"De Groninger oranjebode : mededeelingenblad der gezamenlĳke illegale 
Groninger pers"	832402222
De Haagsche groene : algemeen Nederlandsch dagblad	860819000
"De Heerenveensche koerier : onafhankelĳk dagblad voor Midden-Zuid- Oost-
Friesland en Noord-Overĳssel"	831707887
De Indische courant	44787111
"De Juinensche Courant : nieuwsblad voor Groot- Juinen (w.o. Zeulen, Deil, Ter 
Weksel, Juinerbroek, Den Eng, Remmerden, Slaepstede, Trichterhuizen en De 
Mars)"	833478028
De Kaak	269710744
De Kaars : brengt licht in duistere tĳden	269710922
De Kern	269712739
De Kern : voor de Nederlandse jeugd	269712852
De Keten = Hasjalsjèeleth : periodiek voor ondergedoken joden in Nederland	04507061X
De Kieuwelander	269714839
De Kievit : voor Nĳkerk en omstr.	319008495
De Klapekster : orgaan der V.N.V.	269714936
De Kleefse koerier : vanouds De Zwarte Omroep	269715657
De Kleine kroniek	269716068
De Kleine patriot : dagblad voor de omstreken van Haarlem	269716335
De Kleine stem	269716742
De Koerier: dagblad voor Ned.-Indië	45074674
De Koevoet	269717005
De Krant : het opregte huysorgaan	269718648
De Kurk	269909346
De Laatste 24 uur	27008990X
De Laatste loodjes	308380762
De Laatste loodjes : uitgave van Je maintiendrai	277171997
De Laatste ronde	270088784
De Laatste ronde : dagelĳksche editie van Novum en Het Zondagsblad	27008942X
De Laatste vuurproef	270090045
De Lampyris : brengt licht in donkere dagen	270090282
De Leidsche brief	270090363
De Libertĳn	270090894
De Lichtstraal	270096922
De Limburger	424119714
De Limburgsche illustratie	40091476X
De Lingebode	27009914X
De Luisterpost : ergens in Nederland	27010402X
De Luistervink	270104666;270104801;43401872
"De Luistervink : Oranje Boven!! : dagelĳksche mededelingen voor Haarlem en 
omstreken"	270104577
De Luistervink : nieuws van alle fronten	841714614
De Luistevink	27010478X
De Maasbode	832460079
De Maasbode : God en mĳn recht	270116613
De Maasmonder	40137937;40138844
De Mare	270117474
De Margriet : Gooisch dagblad	270118411
De Meerbode	270123377
De Moderne staat	270125531
"De Moderne staat : orgaan voor de wederopbouw in groot verband van volk en 
staat"	270125892
De Mol : Schipluids ondergronds dagblad	270126015
De Morgenpost	270126759;270126805
De Nachtwacht	270425896
De Nederlander	84409708X;270429581
De Nederlander : Christelijk historisch dagblad voor Nederland	86315591X
"De Nederlander : nieuwe Utrechtsche courant : (staatkundig- nieuws-, handels- 
en advertentie-blad) / onder red. van J. van Hall"	832468649
De Nederlandsche gedachte : onder auspiciën van De patriot	852771185
"De Nederlandsche journalist / maandblad van het verbond van Nederlandsche 
journalisten"	83246919X
De Nederlandsche mail : wekelijksche courant voor Oost- en West-Indië	841467471
De Nederlandsche transportcourant	843359358
De Nederlandse leeuw	27043075X;32031264X
De Nederlandse patriot : strĳdblad voor Koningin en vaderland!	270431098
De Nieuwe koerier	270432930
De Nieuwe linie	270433147
De Nieuwe orde	27043318X
De Nieuwe vrĳheid	270433481
De Nieuwsbode : dagblad voor het bezette Nederlandse gebied	270516522
De Nieuwsbron	270516603
"De Nieuwskroniek : voor het Eemland ; uitgave Kroniek van de week en Het 
Parool"	271348356
De Nieuwspomp	271348739
De Noord-Brabanter : staat- en letterkundig dagblad	833013858
De Noord-Ooster	832308188
De Noordfries	271349263
De Notedop	271349425
"De Onderduiker : maandblad voor die Nederlanders, die het gevaar prefereren 
boven het werken voor de vĳand"	271351063
De Ondergrondsche koerier : Oranje boven!	271351578
De Ondergrondse	271351683
"De Oostpost : letterkundig, wetenschappelĳk en commercieel nieuws- en 
advertentieblad"	45136599
De Oprechte Haarlemmer	271453443
De Oprechte-Delftenaar : periodiek onder Delftsche studenten	266290183
De Oranje gids : voor: vrĳheid, waarheid en recht	266289118
De Partisaan : het nieuws uit de aether, vrĳ van geleuter	271466073
De Patriot	271476052;271477008;271479779;271479973
De Patriot : orgaan voor strĳdend Nederland	271475994
De Peel- en Kempenbode	832520187
"De Pers : maandblad voor het Nederlandsche perswezen ; officieel orgaan van 
het persgilde der Nederlandsche Kultuurkamer"	832520284
De Politiek-militaire toestand	271544546
De Postduif	271544953
De Preanger-bode	400337630
De Radiokrant	271548037
De Rode October : orgaan van het Comité van Revolutionnaire Marxisten (CRM)	832136948
"De Rotterdamsche post : geïllustreerd maandblad voor het bezette 
Nederlandsche gebied"	271566817
De Schakel : den vaderlant ghetrouwe blĳf ick tot in den doot	271567082
De Schans : steunpunt tot actief geestelĳk verzet	271567317
De Schĳnwerper	271567538
De Sheboygan Nieuwsbode	303989483
De Sneeuwbalbrief	271568038
De Snorder	271568208
De Spotvogel	27156878X
De Steekvlam	271568917
De Stem : dagelĳks nieuwsblad voor 's-Gravenhage en omstreken	271569115
De Stem : voor God, Koningin en Vaderland	271569050
De Stem der vrĳheid	271569158;271577908
De Stem van Londen	271569212
De Stem van Radio Oranje	271577215
De Stem van strĳdend Nederland	271577274
"De Stem van strĳdend Nederland : dagelĳks nieuwsblad voor 's-Gravenhage en 
omstreken"	271577363
De Stem van strĳdend Nederland spreekt door ...	271577606
De Stem van vrĳ Nederland : voor God, Koningin en Vaderland	271577746
De Ster	271582103
De Stille	319007073
De Stille waarheid	271582219
De Stormwind	271582596
De Stroomloze	271582677
De Sumatra post	45042624
De Surinaamsche nieuwsvertelder	44511280
De Surinamer : nieuws- en advertentieblad	44511132
De Telegraaf	832675288;41286956X
De Tijd De Maasbode	842126635
De Tohindo Nippo = Oost Indische courant	149056354
De Tondeuse	27162230X
De Typhoon	272573353;272573426
De Tĳd : godsdienstig-staatkundig dagblad	832688045
De Uilenspiegel der Utrechtsche studenten	272575208
De Uitkĳk : weekblad van illegale strĳders	272575585
De V 3	47272481
De Vakbeweging : orgaan voor vrĳe moderne vakbeweging in Nederland	272578835
De Verkenner : lĳfblad voor verkenners die trouw bleven!!	272581119
De Verslaggever van ons vrĳe Nederland	272581658
De Vertegenwoordigers van alle universiteiten en hogescholen aan de studenten	27258178X
De Vlaardinger	401328392
De Vlietstreek : dagblad voor Voorburg, Leidschendam en Stompwĳk	863543464
De Vluchteling in zĳn schuilplaats	272583049
De Volhouder	272583405
De Volkskrant	832697877;412869594
De Volksstem	331826631
De Volksvriend	331833263
De Vonk	272607398;272607835;272607975;272608203;272608610;272608947;278625924
De Vonk : 'uit de vonk zal de vlam oplaaien'(Poesjkin)	272609099
De Voorbode	27262845X
De Voorlichter	272628530
De Vossenburcht	27262909X
De Vrĳbuiter	274435918;274435985
De Vrĳbuiter : uitgave van het G.O.N.	274436035
De Vrĳe Amersfoorter	116562951
De Vrĳe Kennemer : bĳlage bĳ De Vonk	274548712
De Vrĳe Nederlander	274549522
De Vrĳe Schager	274551179
De Vrĳe Scheldestroom	274551438
De Vrĳe jeugd : uitgave van het Jeugdcomité	27454850X
De Vrĳe journalist	274548623
De Vrĳe katheder	274442035
De Vrĳe koerier : weekblad voor strĳdend Nederland	274549042
De Vrĳe krant	274549131
De Vrĳe pers	274549743;274550814;274551101
De Vrĳe pers : orgaan voor de verzetsgroep Meppel	274550741
De Vrĳe pers : uitgave onder auspiciën van Vrĳ Nederland en Het Parool	274550229
De Vrĳe standaard : onafhankelĳke Nederlandsche courant	274551616
De Vrĳe stem	274551764;274551853;274552124
De Vrĳheid : periodiek voor Zeeland	319007235
De Vuurpĳl : het weekblad voor werkend Nederland	840991622
De Waag : algemeen cultureel, politiek en economisch weekblad voor Nederland	832267694
De Waarheid	275156990;275157091;275157350;27515744X
De Waarheid : orgaan van de Nederlandse vrĳheidsstrĳders	275157784
De Waarnemer	275898563
De Wachter	275898717
De West : nieuwsblad uit en voor Suriname	851694616;424119927
De West-Indiër : dagblad toegewĳd aan de belangen van Nederlandsch Guyana	45270368
De Zaanlander	860763250;04830204X
De Zeeuwsche koerier : berichten van de B.B.C.	319006336
De Zoom : nieuws- en advertentieblad van Bergen op Zoom en omstreken	833105159
De Zuid-Willemsvaart : nieuws- en advertentieblad voor handel en landbouw	833105906
De Zuiderzeebode	116562927
De Zutphense courant	275898075
De Zweepslag	275898199
De Zwerver	275898350
De Zwĳger	275161609
De aetherbode	268462992
"De aetherpost : dagblad voor strĳdend Nederland ; voor koningin en vaderland ; 
uitgegeven door Neerlands vrĳe pers"	268596204
"De avondbode : algemeen nieuwsblad voor staatkunde, handel, nijverheid, 
landbouw, kunsten, wetenschappen, enz. / door Ch.G. Withuys"	831612029
De avondster : katholiek dagblad voor Nederland	832797723
De baanbreker : sociaal-democratisch orgaan	26860178X;268602255;277170273;83161224X;853225311;853225427;853730792;853730970
De banier	830566333
De banier : staatkundig gereformeerd dagblad	853918880
De banier van waarheid en recht : Surinaamsch nieuws- en advertentieblad	56839383
De bazuinstoot	26879667X
"De bevrĳding : weekblad uitgegeven door de Indonesische Vereniging 
Perhimpoenan Indonesia"	832242594
De bezem : de waarheid, de leugen	308358139
De brandaris	26905054X
De constitutioneel : nieuwe 's-Gravenhaagsche courant	830613439
De courant	832369284
De courant Het nieuws van den dag	832369624
De eendracht	04700147X
De eendracht : concordia res parvae crescunt	269248420
De eenpitter	269249036
De eindspurt	26924977X
De eindstrĳd	851579108
De fakkel	51495058
De geus onder studenten	107123223
De gil : periodiek verschijnend orgaan voor nuchter Nederland	831684070
De gil : periodiek verschĳnend orgaan voor nuchter Nederland	831684216
De groene Dordtenaar	48802271
De grondwet	331821869;830780084
"De grondwet : Rosendaalsche en Nieuwe Zevenbergsche courant, voor 
godsdienst, koning en vaderland"	832916323
De heraut : ik bemin de waarheid en de klaarheid	852342918
De jonge stem : orgaan der samenwerkende jeugdgroeperingen	44864779
De koerier	831074663;852762003
De koerier : berichtenblad van Je maintiendrai	269719652;26971989X;865833079
De koerier : berichtenblad van Je maintiendrai voor Franeker en omgeving	41668456
De koerier : meedelingenblad van Je maintiendrai / [red. J.J. Kalma]	41668677
De koerier : streekblad voor de Hoeksche Waard e.o.	269719806
De kolonist : dagblad toegewyd aan de belangen van Suriname	45075190
De landwachter	116631244
De locomotief : Samarangsch handels- en advertentie-blad	852209738;424119943
De luistervink : en toch draait zĳ	43401872
De mare : periodiek van het voormalige nieuwsbulletin The Home Service	46708960
"De marskramer : -voorwaarts vaderland, riemen om de kin, met God door bloed 
en tranen een schoner toekomst in-"	852675062
"De misthoorn : onafhankelijk en onpolitiek orgaan tot wering van den joodschen 
invloed : officieel orgaan van het Comité tot Bestudeering van het Joodsche 
Vraagstuk"	831750286
De morgenpost	46810994
De nationale eenheid : dagelĳks nieuws	865175780
De nieuwe Amsterdammer : voortzetting van Op wacht in Amsterdam	841513775
De nieuwe Haagsche : algemeen Nederlandsch weekblad	841514577
De nieuwe Haagse Nederlandse courant	832490474;424119765
De nieuwe Nederlander	832490962
De nieuwe Nederlandsche courant	832490822
De nieuwe courant	832470015
De nieuwe gids	270432671
De nieuwe koerier : Maas- en Roerbode : provinciaal Limburgsch dagblad	40936929
De nieuwe vorstenlanden	45113858
"De nieuwe wĳnzak : leidraad tot verdieping van het staatsburgerlĳk denken - 
door en voor werkers en verzetters"	43578659
De nieuwsbode : dagblad van de vrĳe pers	49004107
De nieuwsbode : orgaan van de vrĳe pers	46996702;861431189
De nieuwsgier	45115036
De notedop : the war in a nutshell	852809840
De observator	47603062
De onderduiker	861285859
De oost : Indië zal herrĳzen	63686120
De opdracht : tĳdschrift gewĳd aan het nieuwe Indië	832258199
"De pionier : [blad van de jongerengroep van het Comité van Revolutionnaire 
Marxisten (CRM)]"	271579927
De ploeg : orgaan van Democratisch Socialistische Jongeren	26628129X
De ploeg : wil opwekken tot bezinning op onze naoorlogsche taak	832097519
De prins der geïllustreerde bladen	831375728
De residentiebode	832564370
De roskam : voor God, koningin en vaderland, voor vrĳheid, waarheid en recht	271566663
De runderpest : bijlage tot De landbouw-courant	86129288X
De schildwacht : onafhankelĳk Nederlandsch weekblad	832138266
"De schouw : orgaan van de Nederlandsche Kultuurkamer, gewijd aan het 
kultureele leven in Nederland / hoofdred.: T. Goedewaagen; eindred.: Henri 
Bruning"	832155217
De schuine Piet / Sancho Panza	187551707
De sirene	41054350
De sociaaldemokraat	424119722
De standaard	832667536
De stem : voor God, koningin en vaderland	852857039
De stem van de strijd	321072391
De stiennen man : nasionael bled	841345775
De toekomst	266281095
De trapper	04879533X
De tribune : soc. dem. weekblad	841201854
De trom : officieel orgaan van het Nationaal Jongeren Verbond	851695671
De typhoon	04673774X
De tĳd : dagblad voor Nederland	842127143
De unie : orgaan van de Nederlandsche Unie	841303983
De verrekijker : onafhankelĳk periodiek voor Nederland	116560738
De voorheen Nederlandsche, nu de Vaderlandsche courant	48229636
De voorheen Stichtsche nu Rhynlandsche courant	833080873
"De vrije kerk : weekblad ten dienste van het gereformeerde leven / onder 
hoofdred. van R.H. Bremmer."	98549219
De vrije pers : ochtendbulletin	262842572
De vrije socialist	833088343
De vrĳbuiter	274433567;274433680
De vrĳe Alkmaarder : uitgave van het Parool, Vrĳ Nederland en Robu	843257903
De vrĳe Bussumer : blad voor Bussum, Naarden en omstreken	274454939
De vrĳe Gooi- en Eemlander	852770995
De vrĳe Harlinger	274547449
De vrĳe bazuin	274454351
De vrĳe cronyck : onafhankelĳk dagblad	274455455
De vrĳe duiker	278626173
De vrĳe gedachte	41198395
De vrĳe katheder : bulletin ter verdediging van de universiteiten	840836732
De vrĳe kerk : reformatorische stemmen / hoofdred. C. Vonk ... [et al.]	864615450
"De vrĳe kunstenaar : waarin opgenomen de 'Brandarisbrief' : religieus en politiek 
onafhankelĳk orgaan voor de Nederlandsche kunstenaar"	852041640
De vrĳe nieuws centrale	47150238
De vrĳe pers	843431210;860938182
De vrĳe pers : algemene documentatie	266288715
"De vrĳe pers : bulletin van de samenwerkende illegale organen : De frontloupe, 
Het parool, Trouw, Vrĳ Nederland en de Waarheid"	843432225
"De vrĳe pers : dagblad voor Dordrecht en omstreken : verzorgd door Ons vrĳe 
Nederland, Parool, Trouw, Vrĳ Nederland"	843430826
De vrĳe pers : orgaan ter voorlichting van het Nederlandsche volk	853235171
"De vrĳe pers : uitgave van: De geus, Je maintiendrai, Ons volk, Het parool, 
Stentor, De toekomst, Trouw, De vonk, De vrĳe gedachte, De vrĳe katheder, Vrĳ 
Nederland en De waarheid"	843431857
"De vrĳe stemmen van Schouwen-Duiveland : tevens mededeelingenblad militair 
gezag"	831550899
De vrĳe wereld : wekelĳksche uitgave van De patriot	860976505
De vrĳheid	274780704
De vrĳheid : giet trots en fierheid in het hart van wie Uw stemme hoort!	274780313
De vrĳheid : voor Koningin en vaderland	274780437
De vrĳheid : voor humaniteit en waarheid	27478081X
De vrĳheid daagt	274780941
De vrĳheidsdrang	274781050
De vrĳheidsstem	274781085
De vrĳheidsvaan	278626386
De vuurploeg	274781107
De vuurtoren	47162732
De vĳfde colonne	274781182
De waarheid	275156443;275158357;832737666;862182611;862185688;862186307;863778763;865870004
De waarheid : -al is de leugen nog zo snel, de waarheid achterhaalt haar wel...-	45312338
De waarheid : volksdagblad voor Nederland	862185971;862186188
De wacht	44182058
De weeklyksche ... Surinaamse Courant	269622942
De weg : nationaal weekblad / Nationaal Front	841094454
De wegwĳzer	841094578
De wekker	276362373;27636239X
De zender	48772305
De zwarte omroep : sub tuum praedisium	275162982
De zwarte soldaat : blad voor de WA	832307564
De zwĳger	51464977
Delfsche courant	842817433
Delftsche courant : nieuwsblad voor Delft en Delfland	85216792X;85216792X
Deli Courant	045200106
Den Vaderlandt ghetrouwe	272578487
Den Vaderlant ghetrouwe	272578576;272578657
Den vaderlant ghetrouwe : op de bres voor herstel en vernieuwing	832386545
Der dumme Hollander	319013391
Deutsche Soldatenzeitung fuer die Niederlande	269128999
Die Letzte Chance! : Organ der Deutschen Widerstandsbewegung	270090622
Diemer- of Watergraafs-meersche courant	832386685
Dispereert niet!	269129146
Dispereert-niet!	26912926X
Door moedig volharden zullen wĳ slagen : Nederland komt vrĳ	188882901
Doorgeven	269244263
Dordrechtsche courant	852172966
Dragtster courant	831548487
Drentsch dagblad : officieel orgaan voor de provincie Drenthe	863332315
Drentsche courant	832874434;42411982X
Duikelaartje	269245790
Duinkerksche historische courant	862839696
E.N.R.O. nieuws	269251634
Een hart onder den riem : overzicht	319013510
Eendracht maakt macht	269248544;269248625
Eendracht maeckt maght	269248803
Eindhovensch dagblad	832387878
"Eindhovensche en Meierĳsche courant : dagblad voor Eindhoven en 
Noordbrabant"	832393630
Elf uur	269250107
Elva	277349621
"En   passant   :   tĳdelĳk verschĳnend  tĳdsverschĳnsel met literair karakter / 
onder red. van Willem Karel van Loon"	861294173
Ende desespereert niet	269250727
Ende dispereert niet	269251227
Ende dispereert niet : weekblad voor en door Hollands jongeren	269250980
Etappe der ineenstorting	852208146
Europeesche geschriften	269252061
Europische : ... courant	237818450
Feiten	269283358
"Feuille d'affiches, annonces et avis divers de Groningue = Advertentieblad, 
bekendmakingen en onderscheidene berigten van Groningen"	852885733
"Feuille politique du département de l'Issel-supérieur = Staatkundig dagblad van 
het departement van den Boven-Ĳssel"	841765154
"Feuille politique du département du Zuiderzee = Staatkundig dagblad van het 
Departement der Zuiderzee"	832881147
Filmbulletin : uitgave voor filmvrienden in Nederland	26928351X
Flitspuitje	26928396X
Fotonieuws : de spiegel der beweging	44710674
Freie Presse : deutsche Ausgabe für die Wehrmacht	269284621
Friesch dagblad	832394742
Friesche courant	865040222;865286353
Friesche courant : gelykheid, vryheid en broederschap	43427480
Friese koerier : onafhankelĳk dagblad voor Friesland en aangrenzende gebieden	832395153
Front en heem : krant voor de Nederlandsche vrijwilligers	189867612
Front- en wereldnieuws	26928544X
Front-flitsen	269298509
Frontnieuws	269298665;269298932;269299033
Frontzorg	320313107
Frysk en frĳ : nĳsblêd for it Fryske folk	841772215
Fryslân oerein / verzorgd door de gezamelĳke illegale pers	03810833X
Gazette d'Amsterdam = Amsterdamsche courant	85045672X
Gazette d'Utrecht = Utrechtsche courant	852482604
Gazette de Delft = Delftsche courant	832881279
Gazette de Frise = Vriesche courant	43516505
Gazette de Groningue = Groninger courant	852879873
Gazette de Harlem = Haarlemsche courant	832881740
Gazette de Leuwarde = Leeuwarder courant	852113595
Gazette de Middelbourg = Middelburgsche courant	43941850
Gazette de Rotterdam	833131796
"Gazette du département de l'Ems occidental = Courant van het departement van 
de Wester Eems"	832881546
Gazette ordinaire d'Amsterdam	303440112
Geallieerd nieuws	269426043
Geallieerde Persdienst	269426213
Gedachten	320313182
Geestelĳke vruchten eener satanische overweldiging	269427104
Geldersche historische courant	830770232
Generaliteits-courant	832401358
Geoctrojeerde Groninger courant	832401412
Geprivilegeerde Surinaamsche courant	158734289
Gereformeerd gezinsblad / hoofdred. P. Jongeling	822630966
Germanische Leithefte / SS	44383657
Gesprekken met Nederlanders	277349303
Geïllustreerd Vrĳ Nederland	269427368
Glueck auf! : orgaan voor vrĳheidsstrĳders in Zuid- Limburg	269429069
God-Nederland-Oranje	269429255
Goeden morgen hier is de Zender Herrĳzend Nederland	269475699
Goedkoope Vlaardingsche courant	47906626
Gooise post : de stem van de Gooise activisten van het O.L. van 'Vrĳ Nederland'	269476822
Goudasche courant	832401471
Groninger courant	832916455;424119978;852886756
"Groninger dagblad : ochtendblad voor de Noordelĳke provinciën : officieel 
orgaan van de Gemeente Groningen"	832923559
Groot Nederland : letterkundig maandschrift voor den Nederlandschen stam	840119283
Haagsch maandblad / onder leiding van C. Easton en S.F. van Oss	83168531X
Haagsche courant	832402826;832923869;424119838
Haagsche post : een Hollands weekblad / onder leiding van S.F. van Oss	832410187
Haarlem's dagblad	832410314
"Haarlemsche courant : dit nummer verschĳnt buiten verantwoordelĳkheid van 
Mees, Peereboom en Derks"	852112874
Haarlemsche courant : nieuwsblad voor Noord- Holland	844105627
Haarlemsche post	269477225
Haarlemse Courant	844102946
Haeghsche post-tydingen	865039798
Haegse post-tydinge	865039577
Haerlemse courante	36517461
Hallo! hallo! hier is de flitspuit	269487778
Hamer : uitgave voor de Volksche Werkgemeenschap	831707186
Headlines of the B.B.C. news	269500367
Heldersche post	44775571
Helmonsche Courant	843283017
Herrĳzend Nederland	269502025
Het Amsterdamsch handels- en effectenblad	861229975
Het Baken	277170508
Het Binnenhof	832368695
Het Bloemendaalse weekblad : uitgave van Herrĳzend Bloemendaal	268962626
Het Compas	269061746
Het Contra signaal : sol iustitiae, illustra nos!	269069879
Het Front	269285210
Het Gastmaal : orgaan voor ondergedoken en gedeporteerde studenten	269425195
Het Getĳ : veertiendaags orgaan der socialistische jeugdbeweging	269427546
Het Heeuwpie	26948700X
Het Invallertje	269521399
Het Journaal	269525459
Het Juiste nieuws	26952553X
Het Kleine ochtendblad	26971619X
Het Laatste loodje	270077472
Het Laatste nieuws	270078347;270078568;270078738;270078770;270086099;270086234;270086471;27008682X;270088156
Het Laatste nieuws : Luctor et emergo - Je Maintiendrai	270088229
Het Laatste nieuws ; uitgave De Vrĳheid	270088393
Het Laatste nieuws in het kort	270088350
Het Logboek	270099387
Het Mangaannieuws	270117199
Het Mispunt	270124993
Het Nieuwe Europa : periodiek voor buitenlandse politiek	270432183
Het Nieuwe rĳk : uitgegeven door de Kroniek van de week en De Bevrĳding	270433309
Het Nieuws	270434089;270508635;270508759;270509003
Het Nieuws : er is slechts één nieuwe orde, de orde van het verzet	270508945
"Het Nieuws : uitgegeven door de Kroniek van de week: 'vriheyt en is om gheen 
gelt te coop' en De Schakel: 'den vaderlant ghetrouwe blĳf ick tot in den doot'"	270433651
Het Nieuws van de maand in vogelvlucht	270512837
Het Nieuws van de week	270514066
Het Nieuws van den dag : uitgegeven door de Kroniek van de Week	270510664
"Het Nieuws van den dag : voor koningin en vaderland; voor waarheid, vrĳheid en 
recht"	270511733
Het Nieuwsblad	270515283
Het Nieuwsbureau	271347813
Het Ochtendnieuws	271349999
Het Oosten : Hollandsch nieuwsblad voor algemeen belang	331835053
Het Oranjeblad	271453656
Het Parool	271481684;271482397;412869543
Het Parool : editie voor oostelĳk Utrecht	27148232X
Het Parool : nieuwsbulletin	271483164
Het Parool : speciaal bulletin	27148280X
Het Parool : speciaal bulletin voor Groningen, Friesland en Drente	271482664
"Het Parool : speciaal bulletin voor Leidens omgeving over gebeurtenissen in 
Nederland"	271482737
Het Parool : speciaal nieuwsbulletin voor 's- Gravenhage en omstreken	271482478
Het Parool-bulletin : voor Alkmaar en omgeving verzorgd door ROBU	271481536
Het Partizaantje	271466146
Het Piegertje	271465964
Het Richtsnoer voor de bevrĳding	319007685
Het Vaderland : blad voor de Nederlands(ch)e arbeiders in Duitsland	272576379
Het Vaderland getrouwe : strĳdblad voor de strĳders der Nieuwe Gemeenschap	272576824
Het Vloeitje	272582964
Het Vluchtelingetje	272583146
Het Vod	272583235
"Het Vrĳe geluid : voorwaarts Vaderland, riemen om de kin, met God door bloed 
en tranen een schoner toekomst in"	274547740
Het Ware nieuws	277173957
Het Ware nieuws : voor waarheid en recht	275898970
Het Zondagsblad : van de vrĳe pen	275897923
Het Zwarte oor	319006158
Het avondnieuws	268599904
Het baken	268796416;268796580
Het belangrĳkste nieuws	268956111
Het bulletin	269055266
Het centrum : dagblad voor Utrecht en Nederland	832369047
Het dagblad	47567368
Het dagblad : uitgave van de Nederlandsche Dagbladpers te Batavia	844151203
Het dagblad : vincit amor patriae	832369756
Het dagblad voor Ĳmuiden - Velsen - Beverwĳk - Driehuis - Santpoort	37338145
Het dagelĳks nieuws	831226366
"Het financieele dagblad : waarin opgenomen het Amsterdamsch effectenblad en 
de Dagelĳksche beurscourant"	831675624
Het gaat goed, landgenooten ; alles sal reg kom!	269503021
Het gele blaadje	269427481
Het huisgezin	850646189
Het invasie-nieuws	269521674
Het joodsche weekblad : uitgave van den Joodschen Raad voor Amsterdam	831715472
"Het katholieke volk : orgaan van de Roomsch-Katholieke Werklieden 
Organisaties in Nederland"	841700184
Het kompas	269717536
Het kompas / uitg. van het Marxistisch Jeugd Comité	852197195
Het laatste nieuws	277172535;320312992
Het morgennieuws	270126643
Het nationale dagblad : voor het Nederlandsche volk	832461288
Het nieuwe volk	831966580
Het nieuws	46994858;48803367
Het nieuws : algemeen dagblad	852664494;42411996X
Het nieuws van den dag	83249562X
Het nieuws van den dag : kleine courant	83249562X
Het nieuws van den dag voor Nederlandsch-Indië	45114242
Het nieuwsblad voor Nederland	48229636
Het nieuwsblad voor Sumatra	45114579
Het nieuwsbulletin	270765557
Het oorlogsnieuws van gisteren en hedenmorgen	51485877
Het parool	853386080
Het parool : -vrij, onverveerd-	832519847
Het parool : bulletin	86373006X
"Het parool : driemaal wekelĳks verschĳnend bulletin voor Rotterdam en 
omgeving"	44180802
Het parool : extra editie voor Rotterdam en omstreken	860123014
Het parool : speciaal Leidsch bulletin [nieuwsblad]	48135690
Het parool : speciaal bulletin	832519995
Het parool : speciaal bulletin voor Leiden's omgeving	48135631
Het parool : vrĳ onverveerd	46096868;860124487
Het parool : vrĳ onverveerd : nieuwsbulletin	863729940
Het rechtsfront	853377553
Het signaal / orgaan voor personeel in overheidsdienst	116512830
Het strĳdtoneel	04731964X
Het vaderland	42411979X;844288225
Het vaderland : staat- en letterkundig nieuwsblad	832689858
Het verbondsblad	852521456;840760922
Het vliegend blad van Amsterdam	424119730
Het volk	850322367
Het volk : dagblad voor de arbeiderspartĳ	83308013X;850161290
Het volk : socialistisch dagblad	850280184
Het volksblad	860323366
Het volksdagblad	83269763X
Het volksdagblad : dagblad voor Nederland	832234311
Het vrĳe geluid : -al is de leugen nog zo snel, de waarheid achterhaalt haar wel...-	36446939
Het vrĳe volk	274776472
Het vrĳe volk : democratisch-socialistisch dagblad	832737143
Het vrĳe volk : sociaal-democratisch orgaan	274776588;274776650
Het vrĳe woord	274777916
"Het wekkersein : propagandablad voor de Eenheidsvakbewegingsgedachte 
onder  het spoorwegpersoneel"	319007014
Het zaterdagavondblad	47230916
Hier is Londen	46374485;04876826X;269503412
Hier is Londen : berichten van Geallieerde zĳde	277351561
Hier is de B.B.C.	269503099
Hilversum III	45315701
Historisch dagblad van Zeeland / onder red. van S. Dassevael	830788166
Hof courant	832410799
Holland-nieuws	269504028
Hollandgruppe Freies Deutschland	269503684
Hollandsche courant	832411019
Hollandsche historische courant	832411191
Hooren, zien en zwĳgen	269504931
Hoornsche courant	852198787
Hoornsche courant en arrondissements-blad	832978515
Hoort, zegt het voort	852683553
Houdt stand : dagblad voor Zuid-Holland	44103751
Houdt-moed : alles gaat voorbĳ, ook dit	269517685
I.B. : 'dispereert niet'	269517944
Ick waeck : orgaan van de vrĳe pers	48970808
Ick waeck : waarin opgenomen Het vrĳe woord	44105509
Ik zal handhaven	269519823
In de Siegfriedlinie	319005704
In den storm	269520600
In het houten paard v. Troje	319008665
Indische courant voor Nederland	850831911
Internationale informatie-bladen	853913587
Invasie-nieuws	269521763
Invasienummer	320312747
Java government gazette	843144343
Java-bode : nieuws, handels- en advertentieblad voor Nederlandsch-Indie	44862563
Javasche courant	843143983;424119897
Je maintiendrai	269527362;269527508;269527575;26952780X;269528229;269528644;269529241;269529292;863199178
Je maintiendrai : Nederland en Oranje	863299806
Je maintiendrai : berichtenblad	269528318;269529179;863197701
Je maintiendrai : berichtenblad voor Noord-Holland	269708146
Je maintiendrai : uitgave voor Groningen en omgeving	46354387
Je maintiendrai : verkorte editie voor Noord-Holland	269708545
Je maintiendrai : verkorte uitgave voor Rotterdam en omstreken	269708634
Jeugd : uitgave van De waarheid	861534492
"Jeugdland : halfmaandelĳksch contactblad voor alle Nederlandsche jongeren en 
leiders van jeugdorganisaties"	269525203
Jong Nederland	26952536X
Journal d'Amsterdam	83241168X
Journal de La Haye	832978981;424119854
Journal de la province de Limbourg	832979902
Journal du departement des bouches de la meuse	832978825
Journal du département de la Frise = Dagblad van het departement Vriesland	841533156
"Journal du département des bouches de l'Escaut = Dagblad van het departement 
van de Schelde"	843375981
Journal du département des bouches du Rhin	841531285
Journal historique	833131834
Kaleidoscoop	269711309
Katholiek Kompas	244816182
Katinpers	269712283
"Keesings historisch archief : geïllustreerd dagboek van het hedendaagsch 
wereldgebeuren met voortdurend bijgewerkten alphabetischen index"	810798859
Klaroen der bevrĳding	269715169
Klein journaal	269715916
Klein maar dapper	841702470
Kleine krant van ons volk : -den vaderlant ghetrouwe-	84338431X
Koloniaal nieuwsblad	45075069
Koninglyke staats-courant	832988693
Koninklĳke courant	832988790
Kort nieuws	26971782X
Kristal-bulletin	269718834
Kroniek van de maand	26990641X
Kroniek van de week : Trouw-bulletin	269908838
Kroniek van de week : vriheyt en is om gheen gelt te coop	39729230;04674083X;852762186
Kroniek van de week ; in samenwerking met De Bevrĳding	269907122
Kroniek van de week ; vriheyt en is om gheen gelt te coop	46809988;269906738;269907394;269907475;269907610;269907734;269908021
"Kroniek van de week ; vriheyt en is om gheen gelt te coop met medewerking 
van Het Parool"	269906673
Kwiekerdekwiek	269909427
L'éclaireur : journal politique, commercial et littéraire de Maestricht	832387622
L'éclaireur politique : journal de la province du Limbourg	832387681
L.B.D.	319008401
La gazette d'Amsterdam	865040389
La gazette de Hollande	84177773X
Lamprophiza splendidula	270090150
Land en volk	844276359
Landbouw-courant	843276843
"Landhuishoudelijke courant : weekblad voor den Nederlandschen
akkerbouwer,veehouder, houtteler, boomkweker, warmoezier en grondeigenaar"	83108555X
Leeuwarder Courant	424119862
Leeuwarder courant	832989185;852115210
Leeuwarder courant : hoofdblad van Friesland	865061483
Leeuwarder koerier	843381000
Leeuwarder nieuwsblad : goedkoop advertentieblad	832451843
Leidsch dagblad	832452025
Let op uw saeck	270090487
Leydse courant	83245222X;84377164X;84377455X;84377164X
Libertas	270090789
Libertas : de stem van strĳdend Nederland	270090762
Libertas : maandschrift voor het koninkrĳk der Nederlanden	04509330X
Lichtflits	270091238
Lichting : litterair maandblad van de jongeren	45094225
Lichtstralen	270097201
Limburger koerier : provinciaal dagblad	832453390;424119749
Limburgsch dagblad	83245351X;424119757
Londen door het kristal	270101810
Losse opmerkingen van een vrĳe Nederlander	270102701
Luctor et emergam	270102825
Luctor et emergo	270103295;270103600;270103635
Luctor et emergo : ik duik onder en kom weer boven	270102922
Luctor et emergo : voor vrĳheid, waarheid en recht	270103384
M.L.L.-bulletin van het Marx-Lenin-Luxemburgfront	860484262
Maandagochtendblad ons volk	861065336
"Maandschrift van het Centraal Bureau voor de Statistiek = Revue mensuelle du 
Bureau Central de Statistique du Royaume des Pays-Bas"	840297610
"Maecenas / communicatiemiddel onder red. van Peter de Raedt ; letterkundig 
adviseur: Robert Damman"	861294092
Makassaarsch handels-blad	44876157
Makassaarsch handelsblad	146911970
Markt en aankondigingsberichten	35648940X
Mededeelingen	270119868;319013642
Mededeelingen van het Comité voor Vrĳ Nederland	270120475
Mededeelingen van het Nederlandsch Correspondentiebureau	270120920
Mededeelingenblad van de Nieuwe Apeldoornsche courant	862875838
Mededeelingenblad voor Tilburg	279901119
Mededeling	44085575
Mededelingen en nieuwsberichten	27012294X
Mededelingen van 'De vaderlander'	270123288
Mededelingen van De Patriot	270123105
Memoires qui doivent servir à la composition de la Gazette d'Amsterdam	303439858
Men fluistert	270123571
Metro	44902697
Middageditie	270123970
Middagpost	27012411X
Middelburgsche courant	832996645;852121741
Militair overzicht	270124780
Militair weekoverzicht	270124934
Mitteilungsblatt der Interessengemeinschaft Anti- Faschistischer Deutscher	270125302
Moed en vertrouwen	36346594
Moniteur d'Amsterdam = Moniteur van Amsterdam	852409923
Mooi Limburg : de Limburgsche illustratie	843515600
Morgen gaat het beter	270126082
Morgen-bulletin	270126414
N.B.S. : voor vaderland en vorstenhuis	270426949
NRC Handelsblad	832460699
NVS (Neerland's vrĳheidsstrĳd)	853222509
Naar de overwinning	270425675
Nachrichten fuer die Truppen	270425780
"Nationaale Bataafsche donderdagse courant : toegewijd aan waarheid en 
gezond verstand"	832460818
"Nationaale Bataafsche vrijdagse courant : toegewijd aan waarheid en gezond 
verstand"	853347972
Nationaale courant	44929439
"Nationale lachblad : onafhankelĳke zĳtoeng voor die Niederlanden, waarin 
opgenomen: Dat Rĳk, Aangreep en Volk und Vaterland"	270426442
Nederland	319008274
Nederland : algemeen volksblad	832468266
Nederland en Oranje	270428070;270428135;277372283
Nederland herrĳst : 't laatste nieuws	270427171
Nederland herrĳst : fighting-spirit	27042699X
Nederland ontwaakt : leven is strĳden	270427473
Nederland strĳdt door!	270428690
Nederland vecht : te land, ter zee en in de lucht	190903937
Nederland vrĳ!	270428925
Nederland zal herrĳzen	270428984;270429077
Nederlanders	270430636
Nederlands dagblad : gereformeerd gezinsblad / hoofdred. P. Jongeling ... [et al.]	810209039
Nederlandsch Indië : staat en letterkundig nieuwsblad	841474427
Nederlandsch dagblad : orgaan van het Nationaal Front	831948701
"Nederlandsch landbouw weekblad : officieël orgaan van het Nederlandsch 
Landbouwcomité en de tot het Comité toegetreden Maatschappijen"	844260258
Nederlandsch nieuws : uitgave van het Oranje- bulletin voor Delft en omstreken	853151318
Nederlandsch-Indisch handelsblad	45103798
Nederlandsche courant	832468959
Nederlandsche staatscourant	830850090
Nemo's nieuws : laatste berichten	31900824X
New's headlines : nieuws in het kort	319008096
News in a nutshell	270431837
Nieuw Amsterdamsch handels- en effectenblad	841479976
"Nieuw Guinea koerier : de groene : onafhankelĳk dagblad voor Ned. Nieuw 
Guinea"	852664273
Nieuw Guinea koerier : onafhankelĳk nieuwsblad voor Nederlands Nieuw Guinea	852664370
Nieuw Israelietisch weekblad	831178310
Nieuw Nederland	270431934
Nieuw Nederland : christelijk cultureel sociaal dagblad	831178493
Nieuw Nederland : maandblad voor economie, staatkunde en cultuur	83120740X
Nieuw Suriname : Surinaams nieuws- en advertentieblad	45112770
Nieuw advertentieblad	831957549
"Nieuw dagblad van 's-Gravenhage : staat en letterkundig nieuwsblad voor 
moederland Nederlandsch-Indië"	832469319
Nieuw geluid : ter bevordering der P.T.T. Eenheids- Vakorganisatie	116633719
Nieuw weekblad : Venloosche courant	58510680
Nieuwe Apeldoornsche courant	862876745
Nieuwe Apeldoornsche courant : dagblad voor Apeldoorn en de Veluwe	862875323
Nieuwe Brabantsche courant	833004263
Nieuwe Drentsche courant	832490245
Nieuwe Hoornsche courant	833004638
Nieuwe Rotterdamsche courant : staats-, handels-, nieuws- en advertentieblad	832495182
Nieuwe Surinaamsche courant	45113653;116452056
Nieuwe Surinaamsche courant en letterkundig dagblad	158746414
Nieuwe Tilburgsche Courant	83249531X
Nieuwe Tilburgsche courant: dagblad voor centraal Brabant : Tilburg dagblad	864098219
Nieuwe Veendammer courant	832495468
"Nieuwe Venlosche courant : voorheen Venloosch nieuwsblad - Venloosche 
courant"	832495530
Nieuwe Vlaardingsche courant	40140962;43392857;831445424;831445424
Nieuwe banen : orgaan voor vakbeweging, onderwĳs en jeugdopvoeding	270432051
Nieuwe geluiden : orgaan voor overheidspersoneel	270432213
Nieuwe landbouw-courant	84128802X
Nieuwe provinciale Groninger courant	833005049
Nieuws in een notedop	270509089
Nieuws uit Engeland : uitgave Het Parool	270509925
Nieuws uit Londen	270510184
Nieuws uit bevrĳd Nederland	270509178
Nieuws van (?) 1944	270510400
Nieuws van ...	277371864
Nieuws van alle fronten	270511989
Nieuws van de fronten	270512284;853143471
Nieuws van den dag	270511814
Nieuws van dezen dag	48256285
Nieuws van het Oostfront	270512993
Nieuws- en advertentie-blad voor de provincie Drenthe	833005707
Nieuws-bulletin	270760571;270760741
Nieuws-bulletin : dagelĳkse editie van Novum en Het Zondagsblad	270516751
Nieuws-bulletin : met het laatste nieuws van het Westfront	270760490
Nieuwsberichten	270513914;270514325
Nieuwsberichten uit Engeland : uitgave Het Parool	270509860
Nieuwsberichten van de B.B.C.	270514937
Nieuwsblad	270515127
"Nieuwsblad herrĳzend Nederland : tegen elke vorm van dictatuur, voor Oranje 
en democratie"	270515526
"Nieuwsblad ten behoeve van de lezers van Op wacht, voor God-Nederland-
Oranje"	270515895
Nieuwsblad van Friesland : Hepkema's courant	832005797
Nieuwsblad van Ons vrĳe Nederland	270516026
Nieuwsblad van het Noorden	833013246
Nieuwsblad van het Zuiden	832495751
Nieuwsblad van het Zuiden : dagblad met ochtend- en avond-editie	832495751;832495751
Nieuwsblad voor de Hoeksche Waard en Ijselmonde	39869865;408069988
Nieuwsblad, gewijd aan de belangen van de Hoeksche Waard en IJselmonde	40134164
"Nieuwsblad, gewijd aan de belangen van de Hoeksche Waard, IJselmonde, 
Kralingen & Vlaardingen"	831217839
Nieuwsbrief van Pieter 't Hoen	852136897
Nieuwsbrieven uit Engeland	270509631
Nieuwsbulletin	270507418;270760385;270766073;271345160;271345594;84329244X;851196241
Nieuwsbulletin / uitg. door Vrĳ Nederland	863737544
Nieuwsbulletin van herrĳzend Nederland	271347759
Nieuwsdienst	271347961
Nieuwstĳding	271348887
"Nijverheids-courant : weekblad voor landbouw, veeteelt, koophandel, zeevaart, 
visscherij, fabrijkwezen, kunsten, ambachten, volkshuishoudkunde, statistiek enz"	832503355
Noord-Brabander	833013661;833013661
Noordbrabantsch dagblad het huisgezin	192623834
"Noordelijk dagblad : gemeenschappelijke uitgave van de Provinciale Groninger 
courant, Nieuwe provinciale Groninger courant, Groninger dagblad, Nieuwsblad 
van het Noorden, en de Prov[inciale] Drentsche en Asser courant"	832495956
Noorderlicht	271349182
Noordhollandsche courant	832496146
Nouvelles de divers quartiers	48453927
Nouvelles extraordinaires de divers endroits	832502987;424119773
Nouvelles politiques, publiées à Leyde	832503118
Novum : voorlichtingsdienst	271349859
Nĳmeegsch dagblad	843375256
O.L.O.	271350288
OZO : Oranje zal overwinnen	843291680
Observator	271349913
Ochtendeditie	321072359
Officieele mededeelingen van den leider van het Nederlandsche Arbeidsfront	90917367
Om de opbouw van de arbeidersbeweging	319007944
Ommelander courant	833035991
Onder de loupe	26161570X
Onder ons	271350725
Ongetekende brieven aan onze oude strĳdmakkers	189052910
Ons Gemeenebest / [onder red. van P.J. Schmidt]	54623901
Ons Indië : officieel orgaan der Stichting Vereenigde Indië-Vrĳwilligers	162948670
Ons Noorden : dagblad voor de Noordelĳke provinciën	833036181
Ons Volk : den vaderlant ghetrouwe	37009184
Ons arsenaal	271352140
Ons dagelĳks nieuwsbulletin	271352272
Ons kompas	271352485
"Ons noodrantsoen : het laatste nieuws voor strĳdend Nederland: voor waarheid, 
vrĳheid en recht"	271352590
Ons ochtendblad	861286200
Ons oorlogskamp	271352655
Ons rĳk	271352744
Ons twaalfuurtje	271352779
Ons vaderland : het blad van en voor vrĳe Nederlanders	271352868
Ons verzet : ik val aan, volg mĳ! / N.V. V&W	266295746
Ons vrĳe Nederland	271448962
Ons vrĳe Nederland : voortzetting van Geïllustreerd Vrĳ Nederland	271449039
Onze courant	44619898
Onze standaard : Oranje-Trouw	271451696
Onze taak	271451785
Onze toekomst	331838419
Onze vrĳheid : onafhankelĳk vaderlands orgaan	271451947
Oorlogs-journaal	271452102
Op de een en dertig meter band	271452242
Op de keper	271452536
Op de korte golf	271452676
Op wacht : dagelĳks nieuws, verschĳnt in Rotterdam en omstreken	271453117
Op wacht : speciaal nieuwsbulletin voor Den Haag en omstreken	271453044
Op wacht : voor God-Nederland-Oranje	852803265
Op wacht in Amsterdam	841441707
Oprechte Bataafsche courant	832518956
Oprechte Haarlemsche courant	852487045
Oprechte Haarlemse courant	844103802
Oprechte Haerlemsche courant	841198969
Oprechte Nederlandsche courant	832519057
Oprechte nationaale courant / red. J.H. Redelinghuys	832518964
Opregte Groninger courant	83251912X
Opregte Haarlemsche Courant	844104698
Opregte Leydse courant	832519316
Opregte Steenwijker courant	420642331
Opregte nieuwe Groninger courant	832519375
Oranje	271453605
Oranje garde De Stem	271460164
Oranje koerier	271460776
Oranje post	271461489
Oranje ster	266290671
"Oranje-bode : verschĳnt wekelĳks kosteloos voor alle goede Nederlanders uit 
Apeldoorn en omgeving"	271453699
"Oranje-bode ter gelegenheid van de geboorte van H.K.H. prinses Margriet 
Francisca"	45138699
"Oranje-bulletin / uitgeg. door De Geus, Je Maintiendrai, Ons Volk, Op Wacht, 
Trouw, Het Parool, De Ploeg, Vrij Nederland, De Waarheid en de nieuwsorganen"	853240825
"Oranje-bulletin : gemeenschappelĳk orgaan van de samenwerkende organisaties 
en de illegale pers"	271459271
"Oranje-bulletin : met medewerking van De Geus, Ons Volk, Het Parool, Vrĳ 
Nederland, Je Maintiendrai, Voor God en den koning, De Waarheid, Trouw, Ons 
Vrĳe Nederland, De Nieuwsbode en Slaet op den trommele"	271454202
"Oranje-bulletin : nieuwe serie, verschĳnend door samenwerking van Het 
Baken, Je Maintiendrai, Het Parool, Trouw, Vrĳ Nederland, De Waarheid, en 
Weekoverzicht"	271459360
Oranje-bulletin : uitgave voor Leiden en omstreken	48139432
"Oranje-bulletin : uitgegeven door Ons Volk, De Geus, Christofoor, De Ploeg en 
De Toekomst"	271459417
Oranje-bulletin : uitgegeven door de gezamenlĳke illegale pers	271459778
Oranje-bulletin : uitgegeven door samenwerking van de ondergronds pers	271459662
Oranje-bulletin : verspreid door de alhier verschĳnende bladen	27145427X
Oranje-nummer	271461381
Oranje-vaan	271463015
"Oranjebode : uitgegeven door Ons Volk, Christofoor, De Geus, De Ploeg, De 
Toekomst"	47006269
Oranjekoerier	266283519
Oranjekrant : vivere militare est	841209472
Ordinaire Leydse courant	83128143X
Ordinaris dingsdaeghse courante	831281499
Ordinarisse middel-weeckse courante	831281375
Orli	319007723
Overdenkingen van een woestĳnbewoner	271463074
Overijsselsch dagblad	424119870
"Overtocht : communicatiemiddel voor kunst en wetenschap / onder redactie van 
Eric Volkertz, Rolf Manders en Willem Rueder"	860286371
Overzicht der nieuwsberichten	271454385
Overzicht voornaamste nieuws	271454458
Overĳsselsche courant	833042955
Ozo-bericht	271463244
Ozo-mededeelingen	271463325
Padangsch nieuws- en advertentie-blad	45146101
Pamplet	27146500X
Panorama : geïllustreerd weekblad in koperdiepdruk	251815102;831290048
Paraat	271465158;831290242
Paraat : weekblad voor de vakbeweging voor 's- Gravenhage en omstreken	853322562
Paraat : weekblad voor de vakbeweging voor Delft en omstreken	853322465
Parade der profeten : litterair tĳdschrift	851987265
Parool-nieuws	271483229
Parool-post	271483261
Parool-post : voorlichting en documentatie	23036571X;271483326
Peper en zout	27148005X
Persmededeelingen van Bureau Houtman	271480645
Podium : literair maandblad	840848900
Politieke brief	277370671
Post-tydingen uyt 's Graven-hage	831357134
Pravda	271545232
"Prinses Irene : nieuwsbulletin / de Vereenigde Biltsche illegale pers ; met 
medew. van Het Parool"	266287190
Pro patria	271546395;271546468
Provinciaal dagblad van Noord-Braband en 's Hertogenbossche stads-	833043838
Provinciale Drentsche en Asser courant	833050346;424119889
Provinciale Geldersche courant : Nĳmeegsche courant	86326011X
Provinciale Geldersche en Nijmeegsche courant	832564028
Provinciale Geldersche en Nĳmeegsche courant	832564028
Provinciale Noordbrabantsche en 's Hertogenbossche courant	833050672
"Provinciale Overĳsselsche en Zwolsche courant : staats-, handels-, nieuws- en 
advertentieblad"	833050788
Quo usque tandem : vrĳ blad tot weerlegging van de leugen	271547081
RK dagblad het huisgezin	842447512
ROBU	27155150X
Radio Londen : voor koningin en vaderland, waarheid en recht	271548177
Radio Londen meldt	266283128
Radio Londen meldt ons / Bĳkantoor Amsterdam	266291090
Radio Oranje	271549432
Radio Oranje : orgaan voor strĳdend Nederland : dagelĳksche editie	841439109
Radio-courant	271547472
Radio-expresse	271547618
Radio-nieuws	271548991
Radio-ochtendbulletin	271549084
Radio-vraagstukken	271549661
Radionieuws : in samenwerking met Het Parool	271548975
Radiopost	271549475
Radiosurrogaat	277371171
Rattenkruid	851590438
Recht door zee	271550112
Recht en vrĳheid	271549858
Recht und Freiheit	271550031
Recht voor allen	83138588X
Reformatie Stemmen	864625995
Residentie-blad	831455284
Revantire	271551054
Revolutionaire jeugd	271551313
Revolutionaire volks liga	271551372
Richtlĳnen voor de M-groep	277371430
Roland	271566213
Rondschrĳven	27156637X
Rondschrĳven van den Commandant der Oranjebrigade	271566450
Rood-wit-blauw	271566515;860321797
Rosendaalsche courant	833051792
Rotterdamsch nieuwsblad	832564818
Rotterdamsche courant	852536267;852536836
Rotterdamse courant	832564990;832564990
Réveil	271551151
Samarangsch advertentie-blad	44524358
Saturdagsche courant van nieuws, smaak en vernuft	44521537
Scheepvaart	853419345
Scheepvaart-index : gewijd aan de belangen van de Nederlandsche havens	116964839
Scheepvaartkroniek : weekblad voor scheepvaart, handel en industrie	116964812
"Scholing en strĳd : veertiendaags tĳdschrift gewĳd aan de vraagstukken van de 
arbeidersbeweging"	831466952
Schoonhovensche courant	271567376
"Semaphore : international review for literature and art = revue internationale de 
littérature et d'art = Internationaal tĳdschrift voor letteren en kunst"	865693579
Sibbe : maandblad van het Nederlandsch Verbond voor Sibbekunde	851030408
Signaal	862257417
Signalen der vrĳheid	271567775
Slaet op den trommele	832155667
Sociaal-democratische-uitgave	27156833X
Soerabaijasch handelsblad	44376952
Sol justitiae : het Utrechts studentenblad	271568437
Soldatenpost fuer Holland : Nachrichten herausgegeben von Vrĳ Nederland	271568488
"Solidariteit! : uitgave samenwerkende vrĳe ondergrondse groepen en 
hulporganisatie De Vonk"	271568518
Spartacus : actuele berichten : uitgave van de Communistenbond Spartacus	86374169X
"Spartacus : bulletin van de revolutionnair- socialistische arbeidersbeweging in 
Nederland / [Communistenbond Spartacus]"	271568615
"Spartacus : maandschrift voor de revolutionnair socialistische 
arbeidersbeweging / Communistenbond Spartacus"	238224538
Spartacus : orgaan van het derde front / [Marx- Lenin-Luxemburg-Front]	116372214
Spitfire	271568704
Sta pal	271568836
Staatkundig dagblad der monden van de Maas	833057847
Staatkundig dagblad van de Rhyn-monden	853480346
Staatkundig dagblad van de Zuiderzee	833058053
Staatkundig dagblad van de provincie Groningen	833057952
Steenbergsche Bus-courant	27156895X
Stemmen uit Londen	271578076
Stentor	03629487X
Storm : blad der Nederlandsche SS	841351376
Stormklok	271582324
Stormvogel	27158243X
Strĳd	271589329
"Strĳd : gemeenschappelĳk nieuwsbulletin van Je maintiendrai, De luistervink, 
Radio-Press, Trouw, Typhoon, De waarheid, Het parool en Zaans nieuws"	853473595
Strĳd : uitgave van de Socialistische jeugdbeweging	319007510
Strĳd! : leven is strĳden	271589574
Strĳdend Nederland	45437491;271590432;863943446
Strĳdend Nederland : het contact met de vrĳe wereld	833058843
Strĳdend Nederland : men rekent de uitslag niet, doch telt het doel alleen	831074272
Strĳdend Nederland: er is maar één nieuwe orde, de orde van het verzet	271590459
"Stĳl : maandschrift der officieuze sociëteit gewĳd aan kunst en wetenschap / 
red.: Peter de Raedt ... [et al.]"	861294130
Suite des nouvelles d'Amsterdam	831502045
Sumatra-Bode	45042608
Sumatra-courant : nieuws- en advertentieblad	45042616
Sunshine : verschĳnt alleen bĳ goed nieuws	271590696
Surinaamsch weekblad	44511337
Surinaamsche courant	43149065;158585046
Surinaamsche courant : letterkundig dagblad	158746783
Surinaamsche courant en Gouvernements advertentie blad	158574028
Surinaamsche courant en algemeene nieuwstijdingen	33075971X
Suriname : koloniaal nieuws- en advertentieblad	44511167
Taifoon	271590920
Tegenover de leugen	271591226
Telex	271591471;271592389
Telex : bulletin	46706216
Terreur en willekeur : uitgave der vrĳe ongecensureerde Nederlandsche pers	271592451
The Dutch Times : nieuwsuitgave van Vrĳ Nederland	269126287
The Illinois observer	334098475
The London daily gazette	270102043
The London news	270102612;853148562
The London post	270102639
The London world news	270102655
The Secret messenger	271567619
The Stars and stripes	271568860
The Times : nieuwsuitgave van Vrĳ Nederland	266281605
The home service	46727930
The sunday times	271587210
The weekly observer	333975626
This is London calling	271592532
Those who fight for world's freedom	271592656
Tilburgsche courant	833066226
Tjaraka-Welanda : mailcourant voor Nederlandsch-Indië	843244232
Toch	271592958
Toekomst	271592982
Toekomst : weekblad voor strĳdend Nederland	832675423
Traduction libre des gazettes flamandes et autres	303441259
Transito-nieuws	271622334
Tribune	04496725X
Tribune der jeugd : socialistisch orgaan voor jongeren	271622571
Triomfklanken	271622709
Trouw	271632224;271635061;271638699;272557935;272560189;832675814;862007704;412789353
Trouw : Overĳssel en Twente : speciale uitgave voor Twente	271638265
Trouw : Veluwe-uitgave	271628790
Trouw : [voor] Alkmaar en omstreken	271627107
Trouw : dagelĳksch nieuws-bulletin	271628200
Trouw : dagelĳksche nieuwsuitgave voor Amsterdam en omstreken	832676209
"Trouw : dagelĳkse nieuwsuitgave voor Amsterdam en omstreken; 
Haarlemmermeer"	271627654
Trouw : deez ellenden gaan volenden, en verpletterd wordt het juk	277351820
Trouw : editie voor Leiden en omstreken	46728317
Trouw : frontoverzicht	862040361
Trouw : nieuwsbulletin : bĳlage bĳ speciale uitgave	272558281
Trouw : speciaal bulletin-uitgave voor Veluwerand en Utrecht ten zuiden	272560685
Trouw : speciale Utrechtsche uitgave	272560308
Trouw : speciale Utrechtsche uitgave te Eem en Maarsseveen	272557439
Trouw : speciale uitgave Haarlem en omstreken	271635509
Trouw : speciale uitgave Rechter Maasoever	45318050
Trouw : speciale uitgave voor 's-Gravenhage en omstreken	862032776
Trouw : speciale uitgave voor Amersfoort en omstreken	271627425
Trouw : speciale uitgave voor Amsterdam en omstreken	832676055
Trouw : speciale uitgave voor Delft en omstreken	862040140
Trouw : speciale uitgave voor Dordrecht en omstreken	48795763
Trouw : speciale uitgave voor Drente	46728252
Trouw : speciale uitgave voor Friesland	832676128
Trouw : speciale uitgave voor Gouda en omstreken	862040825
Trouw : speciale uitgave voor Midden Noord-Holland	862040892
Trouw : speciale uitgave voor NW Utrecht	272560766
Trouw : speciale uitgave voor Noord-Hollands Noorderkwartier	272559156
Trouw : speciale uitgave voor Overĳssel	271632135
Trouw : speciale uitgave voor Rotterdam en omstreken	862003830;862007240
Trouw : speciale uitgave voor de Alblasserwaard	271634790
Trouw : speciale uitgave voor de Duinstreek	48138495
Trouw : speciale uitgave voor de NO-hoek van Zuid- Holland	272558575
Trouw : speciale uitgave voor de Veluwe	27163197X
Trouw : speciale uitgave voor de Zaanstreek	272560987
Trouw : speciale uitgave voor de Zuid-Hollandsche eilanden	272561207
Trouw : speciale uitgave voor het Gooi	272557315
Trouw : speciale uitgave voor het eiland Ĳsselmonde en de Hoeksche Waard	48796603
Trouw : speciale wekelĳksche nieuwsuitgave	271635134
Trouw : uitgave voor de Wieringermeer	272558036
"Trouw : wat het getĳ ook doet, houdt goeden moed : speciale uitgave voor 
West-Friesland [I]"	27255765X
Trouw luisterpost	272561614
Trouw-bulletin	271626550
Trouw-bulletin : Oranje Boven	272557048
"Trouw-bulletin : Oranje Boven !! : dagelĳksche mededeelingen voor Haarlem en 
omgeving"	271635452
Trouw-bulletin : speciale Friese uitgave	272559326
Trouw-bulletin : speciale uitgave	851210473
Trouw-flitsen : speciale Utrechtsche uitgave	272560464
Trouw-mededeelingen	27256169X
Trouw-nieuws	271627832
Tubantia	833066404;861754018
Twentsch dagblad Tubantia	860219488
Twentsch dagblad Tubantia en Enschedesche courant	862881536
Twentsch nieuwsblad	862882060
Twentsche courant	833066641
Tĳdinghe uyt verscheyde quartieren	832688312
Tĳdsproblemen	272573094
Uit Engeland wordt o.a. gemeld:	319006093
Uit Londen	272575275
Uit de woestĳn	272575445
"Uitspraken van den Raad voor de Scheepvaart en uitspraken in beroep van den 
voorzitter van dien raad"	841135959
Utrechts volksblad : sociaal-democratisch dagblad	850279356
Utrechtsch provinciaal en stedelĳk dagblad : algemeen advertentie-blad	833066838
Utrechtsche courant	833066986;424119919;851125778
Utrechtsche courant : nieuws- en advertentieblad	832689467
Utrechtsche provinciale en stads-courant : algemeen advertentieblad	833067087
Utrechtse courant	852476434;852478089;424119951
Uw tweede dagblad	48441147
Uytgesogte nieuwe tijdingen van den …	865835217
V.O.D.O.C.	272583332
VERA-brieven	272579963
VN-nieuws : speciaal bulletin van Vrĳ Nederland	841316791
VOD : voorlichtingsdienst van Je maintiendrai	27256365X;863199380
VVeeckelycke courante van Europa	83273781X
Vaaleebee	319007308
Vaart : halfmaandelĳks orgaan van de socialistische jongeren	272576174
Vaderlandsche Bossche courant	843283505
Vaderlandsche courant	861921283
Van dag tot dag	272579068
"Van den harden grond : een blad van Vrĳ Nederland voor den Nederlandschen 
arbeider"	272579815
Van hand tot hand	272579696
Veendammer Courant	400335409;832697079
Venloosch nieuwsblad	832697176
Venloosche courant	83269732X
Verboden Arnhemsche courant	272580023
Verboden berichten	272580082
Veritas	272580376;84390450X
Veritas : katholiek 14-daagsch blad voor Maastricht	833079298
Vernieuwing : tĳdschrift voor politiek en cultuur	272581216
Verordeningenblad voor het bezette nederlandsche gebied	44993382
"Verzameling van verslagen en rapporten behoorende bij de Nederlandsche 
Staatscourant"	
Verzamelkrant	860054772
Verzet	272581984
Verzet en opbouw	95174052
Victorie	272582646
Vlaardingsche courant	47933569;833079409;833079468
Vlissingsche courant	83307959X
"Volk en vaderland : weekblad der Nationaal- Socialistische Beweging in 
Nederland"	841138028
Voor God en den koning	43385974;47139986
Voor God en koning	272626856
Voor God, koningin en vaderland : voor vrĳheid, waarheid en recht	272626929
Voor de vrĳheid	272627305
Voor ditmaal vrydagse courant	853349932
Voor koningin en vaderland : voor vrĳheid, waarheid en recht	27262697X;272627194
Voor vrĳheid en recht	272627437
Voor vrĳheid en victorie van vorstenhuis en vaderland	272627496
Voor vrĳheid, waarheid en recht	272627763;272628050
Voor waarheid, vrĳheid en recht	37643118
Voorlichtingsdienst Je maintiendrai	272628735
Vooruit : socialistisch dagblad	853094640
Voorwaarts : sociaal-democratisch dagblad	832698679
Vrede-vrĳheid	272629138
Vriesche courant	865039240
Vrij Nederland	832501557
Vrije Stem: onafhankelijk weekblad voor Suriname	45261954
Vrĳ Goes : mededeling van ...	04408627X
Vrĳ Nederland	04714825X;272614408;272629308;272629685;272629863;272630144;272630217;272630500;272630527;853145407
Vrĳ Nederland : Nederland Oranje	55327265;853180237
Vrĳ Nederland : nieuwsblad voor Kennemerland	85076615X
Vrĳ Nederland : nieuwsbulletin	27263087X
Vrĳ Nederland : nieuwsbulletin voor Midden Noord- Holland	853145075
Vrĳ Nederland : nieuwsbulletin voor Noord Noord- Holland	853144567
Vrĳ Nederland : nieuwsbulletin voor West-Friesland	04335629X
"Vrĳ Nederland : orgaan ten behoeve van de zuiver Nederlandsche gedachte; van 
vreemde smetten vrĳ"	272630632
Vrĳ Nederland : speciaal nieuwsbulletin	272629383
Vrĳ Nederland : streekuitgave voor Alblasserwaard en Vĳfheerenlanden	45313326
Vrĳ Nederland : uitgave in het moederland	272630411
Vrĳ Nederland : uitgave voor Zuid-Holland	853180075
Vrĳ Nederland bulletin	85314446X
Vrĳ Wassenaar	47522127
Vrĳ baan	47147350
Vrĳ en onverveerd	27443251X
Vrĳ onverveerd	274432110;274432153
Vrĳbuiter	274433826;274435616;274435748
Vrĳbuiters	274436108
Vrĳe gedachten	841772525
Vrĳe gedachten : sociaal-democratisch orgaan voor Rotterdam en omstreken	274437007
Vrĳe jacht : orgaan voor voortrekkers, leiders en oud-padvinders	274547813
Vrĳe nieuws centrale	27454959X
"Vrĳe pers : voor Leiden en omstreken / gezamenlĳk uitgegeven door De 
bevrĳding, The home service, Je maintiendrai, Kroniek van de week, Ons volk, De 
ploeg, Trouw, De vrĳe katheder, Vrĳe stemmen, Vrĳ Nederland en De waarheid"	863738117
Vrĳe stemmen	47154403
Vrĳe stemmen : voor koningin en vaderland	45313075
Vrĳe stemmen uit Schouwen en Duiveland	274552876
Vrĳe stemmen uit de Ganzestad	831550813
Vrĳheid	47161515;274780364;274780720;274780860
Vrĳheid : bulletin voor Amsterdam en omgeving	841779554
Vrĳheid en recht	274781034
Waakt	274781190
Wat nu?	48636533
Watergraafsmeer courant	832737739
Weekblad Nederland	275899128
Weekblad van Tilburg	833095692
Weeklykche Woensdaagsche Surinaamsche Courant	145229750
Weekoverzicht : zeven dagen politiek en militair wereldgebeuren	275899233
Weest waecksaem	48603422
Weet u dat?	275899756
"Wekelĳkse kroniek van Libertas : in samenwerking met De koerier en Voor 
koningin en vaderland"	841124728
Were di	276362446
Wereld-nieuws	276362543
Wereldnieuws	276362551
Wereldnieuws uit geallieerde bron : waarheid	276362624
Werkend Nederland : propaganda-orgaan voor de Eenheidsvakcentrale (EVC)	841126194
Westfriesch dagblad onze courant	833095927
"Wien Neerlandsch bloed : orgaan in dienst van de nationale en geestelĳke 
wederopbouw van het Nederlandsche volk, uitgegeven in bezet Nederland"	319006840
Wist u ...	276363000
Wording : maandblad van de Vrĳzinnig Lutherse Jongerenkring te Groningen	276363043
Wĳ vrouwen / uitgave red. Wĳ Vrouwen	319006514
Wĳ worden wakker!	319006778
Z 66	46974202
Zaans groen	851987206
Zaans nieuws	275162400
Zaans volksblad : sociaal-democratisch dagblad	850264545
"Zuid-Hollandsch dagblad : waarin opgenomen De Leidsche courant, Nieuwe 
Delftsche courant en De Westerbode"	03707556X
Zuid-Hollandsche courant / [Johan Christiaan ten Noever]	833105248
Zuiveringszout	275898024
Zutphensche courant	833106120
Zĳ van den omroep!	275898423
Één uur bulletin : dagelĳksche nieuwseditie van het Zondagsblad	269247882
